codInstituicao|sigla|nomeInstituicao
008700000009|INPE|Instituto Nacional de Pesquisas Espaciais
IZEO00000008|IFRS|Instituto Federal de Educação, Ciência e Tecnologia do Rio Grande do Sul
319000000000|IFSC|Instituto Federal de Santa Catarina
000200000993|COPPE|COPPE
008900000002|UFC|Universidade Federal do Ceará
087000000006|UFMS|Universidade Federal de Mato Grosso do Sul
000500000000|UFF|Universidade Federal Fluminense
024000000008|UnB|Universidade de Brasília
002100000009|UFPE|Universidade Federal de Pernambuco
128000000007|YORK|University of York
198100000000|UTFPR|Universidade Tecnológica Federal do Paraná
009200000008|EMBRAPA|Empresa Brasileira de Pesquisa Agropecuária
032600000000|UERJ|Universidade do Estado do Rio de Janeiro
520900000003|IFTM|Instituto Federal do Triângulo Mineiro
807700000001|UNICSUL|Universidade Cruzeiro do Sul
822900000009|EPAGRI|Empresa de Pesquisa Agropecuária e Extensão Rural de Santa Catarina
001400000995|FCMUNI|Faculdade de Ciências Médicas - UNICAMP
001500000008|UFU|Universidade Federal de Uberlândia
000600000990|PT|Padaria Tabajara
542000000008|ISPJAE|Instituto Superior Politecnico Jose Antonio Echeverria
363100000000|UESC|Universidade Estadual de Santa Cruz
516400000006|IBM BRASIL|IBM Research Brazil
006700000002|USP|Universidade de São Paulo
032300000004|UFPI|Universidade Federal do Piauí
003100000007|CETEM|Centro de Tecnologia Mineral
033000000007|UNESP|Universidade Estadual Paulista Júlio de Mesquita Filho
870100000004|INMETRO|Instituto Nacional de Metrologia, Qualidade e Tecnologia
080200000002|TUM|Technische Universität München
000500000999|PETE|PETE COMÉRCIO DE MATERIAIS DIDÁTICOS E PEDAGÒGICOS LTDA
985600580918|PM/GO|Polícia Militar do Estado de Goiás
J80E00000003|USI|Università della Svizzera Italiana
IXXU00000008|IFSP|Instituto Federal de São Paulo
985600190540|CGEE|Centro de Gestão e Estudos Estratégicos
J84A00000009|ÚNICA|Única Educacional
059100000002|UNIFEI|Universidade Federal de Itajubá
033400000004|UFOP|Universidade Federal de Ouro Preto
119300000003|UDESC|Universidade do Estado de Santa Catarina
000700000992|FFALM*|Fundação Faculdades Luiz Meneghel
000600000001|PUCRS|Pontifícia Universidade Católica do Rio Grande do Sul
045100000002|BACEN|Banco Central do Brasil
020200000009|UFRJ|Universidade Federal do Rio de Janeiro
247500000009|UMINHO|Universidade do Minho
046100000000|IFS|Instituto Federal de Sergipe
117800000006|PUC Minas|Pontifícia Universidade Católica de Minas Gerais
032900000005|UEM|Universidade Estadual de Maringá
007000000008|UFS|Universidade Federal de Sergipe
019200000005|UFRGS|Universidade Federal do Rio Grande do Sul
985600224283|UT|Eberhard Karls Universität Tübingen
032700000001|UFSM|Universidade Federal de Santa Maria
008200000000|UFAM|Universidade Federal do Amazonas
033300000002|UFMG|Universidade Federal de Minas Gerais
201100000003|FAP|Fundação Antônio Prudente
003900000001|FIOCRUZ|Fundação Oswaldo Cruz
235800000000|UNIV-ORLEANS|Université d'Orléans
869900000005|IME|Instituto Militar de Engenharia
033700000000|UFRN|Universidade Federal do Rio Grande do Norte
000100000991|UFAL|Universidade Federal de Alagoas - Campus Arapiraca
I3CJ00000006|UFGD|Universidade Federal da Grande Dourados
023200000003|IBGE|Fundação Instituto Brasileiro de Geografia e Estatística
021700000006|UFERSA|Universidade Federal Rural do Semi-Árido
007900000004|UNICAMP|Universidade Estadual de Campinas
001900000994|IWU|Indiana Wesleyan University
008000000006|UEL|Universidade Estadual de Londrina
029100000000|UFBA|Universidade Federal da Bahia
118500000009|UNIPÊ|Centro Universitário de João Pessoa
985600193221|UO|Universidad del Oriente Cuba
010300000003|UFPR|Universidade Federal do Paraná
020700000008|PUC/PR|Pontifícia Universidade Católica do Paraná
004300000009|UFSC|Universidade Federal de Santa Catarina
001700000990|IFC|Instituto Federal Catarinense
870400000000|CEFET/MG|Centro Federal de Educação Tecnológica de Minas Gerais
000700000003|IPT|Instituto de Pesquisas Tecnológicas do Estado de São Paulo
006200000003|UNIFESP|Universidade Federal de São Paulo
985600147416|TECH CHROM|Tech Chrom Instrumentos Analíticos
J2HF00000009|UFOPA|Universidade Federal do Oeste do Pará
000900000996|IFBA|Instituto Federal de Educação, Ciência e Tecnologia da Bahia
JZVH00000005|CoinWISE|CoinWISE Soluções e Serviços Digitais
004400000000|UFPA|Universidade Federal do Pará
000300000006|UFLA|Universidade Federal de Lavras
294800000006|UNESA|Universidade Estácio de Sá
008300000001|UFPB|Universidade Federal da Paraíba
010600000009|UFG|Universidade Federal de Goiás
033800000001|UFRPE|Universidade Federal Rural de Pernambuco
623800000002|IF-Farroupilha|Instituto Federal Farroupilha
226100000009|IFG|Instituto Federal de Educação, Ciência e Tecnologia de Goiás
000300000995|RSDB|Rohde&Schwarz do Brasil
000100000002|UFMA|Universidade Federal do Maranhão
IZCF00000003|UNIPAMPA|Universidade Federal do Pampa
016700000000|FURG|Universidade Federal do Rio Grande
061400000000|UPE|Universidade de Pernambuco
103900000008|SHEFFIELD|University of Sheffield
001300000993|UNIFESP|"Universidade Federal de São Paulo - ""campus"" São José dos Campos"
071500000009|PUC Campinas|Pontifícia Universidade Católica de Campinas
033500000006|UFSCAR|Universidade Federal de São Carlos
482000000000|IFAM|Instituto Federal de Educação, Ciência e Tecnologia do Amazonas
350700000009|CEFET/RJ|Centro Federal de Educação Tecnológica Celso Suckow da Fonseca
281500000009|IFRN|Instituto Federal de Educação, Ciência e Tecnologia do Rio Grande do Norte
033600000008|UFV|Universidade Federal de Viçosa
011100000008|PUC-Rio|Pontifícia Universidade Católica do Rio de Janeiro
200100000005|UL|Universidade de Lisboa
204400000003|UEFS|Universidade Estadual de Feira de Santana
047500000006|IFSUL|Instituto Federal Sul-Rio-Grandense
126900000007|CAM|University of Cambridge
000400000997|BCB|Banco Central do Brasil
039200000000|UFES|Universidade Federal do Espírito Santo
022900000008|FURB|Fundação Universidade Regional de Blumenau
001500000997|PRB|Philips Research Brazil
807400000006|Univ-Evry|Université d'Evry-Val-d'Essonne
831200000005|UNIVAP|Universidade do Vale do Paraíba
089100000004|PUC GOIÁS|Pontifícia Universidade Católica de Goiás
867100000004|UNIFAL/MG|Universidade Federal de Alfenas
506700000004|UNOESTE|Universidade do Oeste Paulista
007200000001|UNIFOR|Universidade de Fortaleza
033200000000|UFMT|Universidade Federal de Mato Grosso
081100000009|UCS|Universidade de Caxias do Sul
062200000004|UFAC|Universidade Federal do Acre
169700000007|UNIRIO|Universidade Federal do Estado do Rio de Janeiro
047000000007|IFPB|Instituto Federal de Educação, Ciência e Tecnologia da Paraíba
892700000006|IF-Catarinense|Instituto Federal Catarinense
033100000009|UFAL|Universidade Federal de Alagoas
584100000005|CÂMARA FEDERAL|Câmara dos Deputados
001700000001|UFRA|Universidade Federal Rural da Amazônia
001100000990|AT%26T|AT&T Labs Research
J13A00000000|FSM|Faculdade São Miguel
J13N00000005|BNDES|Banco Nacional de Desenvolvimento Econômico e Social
061500000001|FEI|Fundação Educacional Inaciana Padre Sabóia de Medeiros
001900000005|LNCC|Laboratório Nacional de Computação Científica
134800000006|UBA|Universidad de Buenos Aires
408900000008|UFSJ|Universidade Federal de São João Del-Rei
129300000000|SOUTHAMPTON|University of Southampton
985600434091|INGAR|Instituto de Desarrollo y Diseño
522600000004|UniÍTALO|Centro Universitário Ítalo Brasileiro
001600000999|UNESP|"UNESP - Universidade Estadual Paulista ""Júlio de Mesquita Filho"""
579800000001|IFMG|Instituto Federal Minas Gerais
021100000005|UFRRJ|Universidade Federal Rural do Rio de Janeiro
055600000009|COPPETEC|Fundação Coordenação de Projetos, Pesquisas e Estudos Tecnológicos
511300000003|UNISUL|Universidade do Sul de Santa Catarina
004000000003|UECE|Universidade Estadual do Ceará
001000000998|IFCE|Instituto Federal do Ceará - Campus Canindé
158700000001|UC|Universidade de Coimbra
985601020320|ITI|Instituto Nacional de Tecnologia da Informação
004500000002|UFPEL|Universidade Federal de Pelotas
||
051400000002|MACKENZIE|Universidade Presbiteriana Mackenzie
369500000006|UNSW|University of New South Wales
002800000001|UFVJM|Universidade Federal dos Vales do Jequitinhonha e Mucuri - Campus JK
007400000005|CPqD|Fundação Centro de Pesquisa e Desenvolvimento em Telecomunicações
181800000008|GEORGIA TECH|Georgia Institute of Technology
502700000001|IFPE|Instituto Federal de Pernambuco
475600000009|FEEVALE|Universidade Feevale
985605000995||SUPERA Centro de Tecnologia
004300000998|I3PE|Instituto Pernambucano de Pesquisa, Pós-Graduação e Empreendedorismo Ltda.
160200000004|FEMC|Fundação Educacional Montes Claros
007100000000|PUC/SP|Pontifícia Universidade Católica de São Paulo
JGCF00000007|INESC PORTO|Instituto de Engenharia de Sistemas e Computadores do Porto
432800000009|UNIPLAC|Universidade do Planalto Catarinense
032100000000|UNINOVE|Universidade Nove de Julho
JM6L00000003|ITU|IT University of Copenhagen
JA9200000005|ECEME|Escola de Comando e Estado Maior do Exército
IWU400000003|UFABC|Universidade Federal do ABC
355900000003|UNA|Universidad Nacional de Asunción
087900000002|UPF|Universidade de Passo Fundo
894500000009|UNIFAP|Universidade Federal do Amapá
002600000997|UNI7|Centro Universitário 7 de Setembro
GBIM00000005|FACCAMP|Faculdade Campo Limpo Paulista
412700000002|UFCSPA|Fundação Universidade Federal de Ciências da Saúde de Porto Alegre
064300000002|GOVERNO/RS|Governo do Estado do Rio Grande do Sul
431900000002|UEPB|Universidade Estadual da Paraíba
912100000003|INESC-ID|Instituto de Engenharia de Sistemas e Computadores - ID
156200000006|SCM/RJ|Santa Casa de Misericórdia do Rio de Janeiro
J9RB00000002|IST|Instituto Superior Técnico
014000000000|CNEN|Comissão Nacional de Energia Nuclear
462400000003|UNIFACS|Universidade Salvador
501100000002|UERN|Universidade do Estado do Rio Grande do Norte
121100000001|UNIFRA|Centro Universitário Franciscano
004100000005|CNPEM|Centro Nacional de Pesquisa em Energia e Materiais
612700000005|EPM|Ecole Polytechnique de Montreal
169600000005|UNIMEP|Universidade Metodista de Piracicaba
003200000009|CEETEPS|Centro Estadual de Educação Tecnológica Paula Souza
794300000009|USherbrooke|Université de Sherbrooke
005900000008|UEPG|Universidade Estadual de Ponta Grossa
337100000000|UQ|The University of Queensland
448900000007|GENIUS|Genius Instituto de Tecnologia
F3V900000009|IF Goiano|Instituto Federal Goiano
278100000001|FIT|Florida Institute of Technology
IVGJ00000004|PADTEC|Padtec - Optical Components and Systems
428800000000|UESPI|Universidade Estadual do Piauí
080400000006|UFJF|Universidade Federal de Juiz de Fora
IYZQ00000002|UENP|Universidade Estadual do Norte do Paraná
985601112411|RU|Ryerson University
000400000008|FGV|Fundação Getúlio Vargas
001200000991|IBM BRL|IBM Research - Brazil
002100000998|EMBRAPII|Empresa Brasileira de Pesquisa e Inovação Industrial
202100000001|INATEL|Instituto Nacional de Telecomunicações
387300000000|IFES|Instituto Federal de Educação, Ciência e Tecnologia do Espírito Santo
154100000008|IFCE|Instituto Federal do Ceará - Reitoria
769300000008|ITA|Instituto Tecnológico de Aeronáutica
J01Z00000005|IFB|Instituto Federal de Brasília
031100000002|SERPRO|Serviço Federal de Processamento de Dados
J1AM00000009|UC-FCTU-DEI|Universidade de Coimbra - Depto. Eng. Informática
010000000008|BB|Banco do Brasil - Direção Geral
012800000009|CTA|Centro Técnico Aeroespacial
584200000007|UNEB|Universidade do Estado da Bahia
985602001990||Núcleo de Tecnologia em Educação de Santarém
501600000001|ULBRA|Universidade Luterana do Brasil
J3UC00000003|UNILA|Universidade Federal da Integração Latino-Americana
333900000002|TWENTE|Twente University of Technology
293700000006|UTP|Universidade Tuiuti do Paraná
985600139847|CEITEC|Centro de Excelência em Tecnologia Eletrônica Avançada
JDCF00000005|UAb|Universidade Aberta de Lisboa
653900000006|USJT|Universidade São Judas Tadeu
342900000001|ANHEMBI MORUMBI|Universidade Anhembi Morumbi
528100000004|ICPA|Instituto do Conhecimento e Ciências Aplicadas
460900000006|UFT|Universidade Federal do Tocantins
528700000005|IFTO|Instituto Federal de Educação, Ciência e Tecnologia do Tocantins
JAAK00000008|ISCTE-IUL|Instituto Universitário de Lisboa
985600042029|RNP|Rede Nacional de Ensino e Pesquisa
454900000001|ILTC|Instituto de Lógica Filosofia e Teoria da Ciência
J2XY00000004|AGX|AGX Tecnologia
JAT100000003|QI|QI Escolas e Faculdades
047700000000|IFMA|Instituto Federal do Maranhão
028700000003|PETROBRAS|Petróleo Brasileiro - Rio de Janeiro - Matriz
JFEM00000000|PSR|PSR Power Systems Research
164000000003|U.T. III|Universite de Toulouse III (Paul Sabatier)
003600000995|IFET-SP|Instituto Federal de Educação, Ciência e Tecnologia
000800000994|CETENE|Centro de Tecnologias Estratégicas do Nordeste
861000000003|FUCAPI|Fundação Centro de Análise Pesquisa e Inovação Tecnológica
J1OR00000000|IFSULDEMINAS|Instituto Federal de Educação, Ciência e Tecnologia do Sul de Minas Gerais
273000000009|IFF|Instituto Federal Fluminense
002700000000|IFBA|Instituto Federal da Bahia
J2DM00000000|INESUL|Instituto de Ensino Superior de Londrina
297600000007|CNES|Centre Nationale D'Etudes Spatiales
233600000000|UPV|Universitat Politècnica de València
547600000000|U.DAR ES SALAAM|University Of Dar Es Salaam
423400000002|UNIJUI|Universidade Regional do Noroeste do Estado do Rio Grande do Sul
342800000000|UNICENTRO|Universidade Estadual do Centro-Oeste
HUOX00000003|UNICV|Universidade de Cabo Verde
489900000004|CEFET/MT|Instituto Federal de Educação, Ciência e Tecnologia de Mato Grosso
I1Y900000008|ULS|Universidade Lusíada de Angola
985600162083|ANA|Agência Nacional de Águas
134600000002|MCGILL|McGill University
881500000007|COFEN|Conselho Federal de Enfermagem
J4RL00000006|STJ|Superior Tribunal de Justiça
J01K00000006|DCTA|Departamento de Ciência e Tecnologia Aeroespacial
083900000000|COPEL|Companhia Paranaense de Energia
IZKT00000004|TV GLOBO|Rede Globo - Matriz
426500000009|IFPI|Instituto Federal do Piauí
128400000004|SUSSEX|University of Sussex
002000000996|IFC|Instituto Federal de Educação, Ciência e Tecnologia Catarinense
054500000009|BTU|Brandenburgische Technische Universität Cottbus - Senftenberg
004700000006|CENPES|Centro de Pesquisa e Desenvolvimento Leopoldo Américo Miguêz de Mello
IX8Z00000008|FAIS|Faculdades Integradas de Sorriso
158800000003|UNL|Universidade Nova de Lisboa
852000000004|CERTI|Fundação CERTI
J32200000000|UFFS|Universidade Federal da Fronteira Sul
JN9G00000004|NEOWAY|Neoway Assessoria e Negócios
010200000001|UCPEL|Universidade Católica de Pelotas
166100000001|IFPA|Instituto Federal de Educação, Ciência e Tecnologia do Pará
870200000006|IPqM|Instituto de Pesquisas da Marinha
841500000008|UNEMAT|Universidade do Estado de Mato Grosso
002600000008|IBICT|Instituto Brasileiro de Informação em Ciência e Tecnologia
306200000002|UNIP|Universidade Paulista
I22A00000002|UFRB|Universidade Federal do Recôncavo da Bahia
531000000002|UNISC|Universidade de Santa Cruz do Sul
100400000004|FEESR|Centro Universitário Euripedes de Marília
885400000008|UNILASALLE|Universidade La Salle - Canoas
580200000004|FIB|Centro Universitário da Bahia
002400000004|UNIVALE|Universidade Vale do Rio Doce
321500000001|FAU/Boca Raton|Florida Atlantic University - Boca Raton
J1HP00000001|IFPR|Instituto Federal do Paraná
352200000006|INRIA-SIEGE|Institut National de Recherche en Informatique et en Automatique
173400000000|UNICAP|Universidade Católica de Pernambuco
436000000007|FACIG|Faculdade de Ciências Humanas e Sociais de Igarassu
000900000007|UNISINOS|Universidade do Vale do Rio dos Sinos
IXPS00000009|CTDUT|Centro de Tecnologia em Dutos
174400000008|USCS|Universidade Municipal de São Caetano do Sul
017500000004|EMBRAER|Empresa Brasileira de Aeronáutica
446900000000|UFCG|Universidade Federal de Campina Grande
420700000003|CTI|Centro de Tecnologia da Informação Renato Archer
661500000000|IF SUDESTE MG|Instituto Federal do Sudeste de Minas Gerais
577300000006|UNIVASF|Universidade Federal do Vale do São Francisco
138400000001|U.H.|Universitat Hannover
J1LW00000007|UCI|Universidad de las Ciencias Informáticas
002900000992|CEEE-GT|Companhia Estadual de Geração e Transmissão de Energia Elétrica
553800000008|UNIOESTE|Universidade Estadual do Oeste do Paraná
JGDG00000007|PLAN4|PLAN4 Engenharia
303400000001|UniCEUB|Centro Universitário de Brasília
AK7J00000004|UCSP|Universidad Católica San Pablo
JAUT00000004|FIRB|Faculdades Integradas Rui Barbosa
985600205726|DCT/EB|Departamento de Ciência e Tecnologia - Exército Brasileiro
834200000000|POLOVALE|Fundação Polo Tecnológico de São José dos Campos e Vale do Paraíba
624800000000|VON BRAUN|Centro de Pesquisas Avançadas Wernher Von Braun
JJME00000007|IBIS_FORN|IBM BRASIL IND.MAQ. E SERVICOS LTDA
754000000004|UNIR|Universidade Federal de Rondônia
985600154625|BROADCOM|Broadcom Corporation
005800000006|IMPA|Associação Instituto Nacional de Matemática Pura e Aplicada
JL8A00000000|UPESH|University of Peshawar
823700000003|UNOPAR|Universidade Norte do Parana
J2CO00000006|UCL|Université Catholique de Louvain f
985601451089|BSU|Belarusian State University
IVVN00000002|ENDEEPER|LHB Soluções em Informações e Métodos
192500000008|UNIUBE|Universidade de Uberaba
167600000009|LACTEC|Institutos Lactec
985600222302|PMA/SA|Prefeitura Municipal de Araras
037700000002|FAPESP|Fundação de Amparo à Pesquisa do Estado de São Paulo
422500000006|IFAL|Instituto Federal de Alagoas - Matriz
JIDJ00000007|UFSB|Universidade Federal do Sul da Bahia
IYG900000006|INRIA-RENNES|Centre de recherche Inria Rennes - Bretagne Atlantique
J44200000003|INEA|Instituto Estadual do Ambiente
377800000002|UVV|Universidade Vila Velha
529700000003|SENAI/DR/BA|SENAI - Departamento Regional da Bahia
J1T800000003|UPMC|Université Pierre et Marie Curie
001800000992|COC|Faculdade Interativa COC
985600151081|UCLV|Universidad Central  Marta Abreu de Las Villas
JM7R00000002|UNIVESP|Universidade Virtual do Estado de São Paulo
775700000000|NTNU|Norwegian University of Science and Technology
554300000007|UCB/DF|Universidade Católica de Brasília
003200000998|IMED|Faculdade Meridional
265700000000|U.OTTAWA|University of Ottawa
162900000003|LAAS|Laboratoire d'Analyse et d'Architecture des Systemes
431100000008|UEA|Universidade do Estado do Amazonas
151500000000|MIAMI|University of Miami
898500000001|CEPLAC|Comissão Executiva do Plano da Lavoura Cacaueira
855700000001|KTH|Royal Institute of Technology
007700000000|INCA|Instituto Nacional de Câncer
920407000005|LBL|Lawrence Berkeley National Laboratory
985603000998||Diretoria de Informações Estratégicas
128500000006|BRUNEL|Brunel University
236000000004|USC|Universidad de Santiago de Compostela - Campus Santiago
012600000005|CEPEL|Centro de Pesquisas de Energia Elétrica
217800000002|U.B.|Bielefeld University
749000000008|UESB|Universidade Estadual do Sudoeste da Bahia
413700000000|FHEMIG|Fundação Hospitalar do Estado de Minas Gerais
080300000004|UEMS|Universidade Estadual de Mato Grosso do Sul
J3E400000000|IFMS|Instituto Federal de Educação, Ciência e Tecnologia de Mato Grosso do Sul
J1WM00000005|UEZO|Centro Universitário Estadual da Zona Oeste
J2X600000008|RIOTERRA|Centro de Estudos da Cultura e do Meio Ambiente da Amazônia - Rio Terra
160300000006|MD|Ministério da Defesa
279100000000|WPI|Worcester Polytechnic Institute
567200000007|UNIVALI|Universidade do Vale do Itajaí
985600168510|FEAN|Faculdade Energia de Administração e Negócios
544800000009|USS|Universidade Severino Sombra
396300000000|UCD|University College Dublin
027500000001|INT|Instituto Nacional de Tecnologia
643200000006|T.U.|Tamagawa University
409800000004|INTELBRAS|Intelbras S/A
IZEE00000008|ICMBio|Instituto Chico Mendes de Conservação da Biodiversidade
811900000003|UFRR|Universidade Federal de Roraima
J2CS00000003|ETEP|ETEP Faculdades
003000000994|MS DATASUS|Ministério da Saúde - DATASUS
I1YQ00000002|UJI|Universitat Jaume I
J3BD00000003|IASU|Inteligência Aplicada a Sustentabilidade Ambiental
985604785212|INRIA|INRIA - Sophia Antipolis
J1T000000009|CENSIPAM|Centro Gestor e Operacional do Sistema de Proteção da Amazônia
066300000009|IPEA|Instituto de Pesquisa Econômica Aplicada - DF
179800000006|CESUMAR|Centro de Ensino Superior de Maringá
431500000005|FEPESE|Fundação de Estudos e Pesquisas Sócio-Econômicas
065800000000|IBU|Instituto Butantan
133400000000|UALBERTA|University of Alberta
JI7500000002|UFCA|Universidade Federal do Cariri
235100000008|US|Universidad de Sevilla
IZT700000004|EPE|Empresa de Pesquisa Energética
139600000003|WWU MÜNSTER|Westfälische Wilhelms - Universität Münster
083800000008|UCALGARI|University of Calgary
IZCM00000008|ITERA|Itera Inovação e Desenvolvimento Tecnológico
454100000007|UniFOA|Centro Universitário de Volta Redonda
031200000004|SENAI/DN|SENAI - Departamento Nacional
023500000009|FJP|Fundação João Pinheiro
J8UM00000000|KIDOPI|Kidopi - Soluções em Informática Médica
047900000003|CP II|Colégio Pedro II
154600000007|UNITAU|Universidade de Taubaté
J1UJ00000001|KONATUS|Konatus Soluções Inteligentes
099200000003|CTEx|Centro Tecnológico do Exército
339500000004|U.CENTRAL|Universidad Central de Venezuela
336700000003|STAFFORD*|Staffordshire University
JLUP00000004|ATECH|Atech - Negócios em Tecnologias
931039000009||Siemens Corporate Research
183300000005|UEG|Universidade Estadual de Goiás
JPXB00000000|BRAVI|Bravi Software
985600083426|IBM - RESEARCH|IBM - T.J. Watson Research Center
127800000003|WARWICK|University of Warwick
027200000006|INPI|Instituto Nacional da Propriedade Industrial
244300000000|U.T.|University of Tsukuba
J22900000005|GPE|GPE Gestão de Processos Estratégicos e Tecnologia da Informação
341800000001|UW|University of Wyoming
338300000002|CNR|Consiglio Nazionale delle Ricerche
150300000009|ISU|Iowa State University
IZKE00000005|UNILASALLE|Centro Universitário La Salle - Niterói
IZHA00000005|BWH - HMS|Brighan and Women´s Hospital-Harvard Medical Scho
586200000003|SENADO|Senado Federal
028000000000|MEC|Ministério da Educação
081500000006|USC|Universidade do Sagrado Coração
JLDY00000007|UNIFESSPA|Universidade Federal do Sul e Sudeste do Pará
002200000990|WSU|Western Sydney University
985600191482|CEA/SACLAY|Commissariat à la Énergie Atomique - Saclay
IASH00000000|UZ|University of Zurich
J3LX00000003|ELABORA|Elabora Consultoria e Participações
466600000000|LANCASTER|Lancaster University
J7QP00000007|RN TECNOLOGIA|RN Tecnologia
829000000000|UNIMONTES|Universidade Estadual de Montes Claros
J0QJ00000003|BTH|Blekinge Institute of Technology
JAVJ00000002|FIAP|Faculdade de Informática e Administração Paulista
530400000001|IFNMG|Instituto Federal de Educação Ciência e Tecnologia do Norte de Minas Gerais
371700000001|CIMS|Courant Institute
438300000009|UNICEP|Centro Universitário Central Paulista
802500000007|POLI/USP|Escola Politécnica da Universidade de São Paulo
J84R00000001|NIC.BR|Núcleo de Informação e Coordenação do Ponto BR
524500000009|IESAM / ORPES|Instituto de Estudos Superiores da Amazônia
819000000002|UNCISAL|Universidade Estadual de Ciências da Saúde de Alagoas
045000000000|CAPES|Coordenação de Aperfeiçoamento de Pessoal de Nível Superior
020100000007|UNIVATES|Centro Universitário Univates
281900000006|UNIV-AVIGNON|Université d'Avignon et des Pays de Vaucluse
514300000008|DHB*|Deutsches Herzzentrum Berlin
145800000001|S.U.N.Y.|State University of New York
JMY600000006|LNU|Linnéuniversitetet - Växjö
051600000006|MCTI|Ministério da Ciência, Tecnologia e Inovação
IXVS00000006|UVIC|Universitat de Vic
025500000005|UNIVERSO|Universidade Salgado de Oliveira
410300000009|IFRJ|Instituto Federal de Educação, Ciência e Tecnologia do Rio de Janeiro
J86S00000000|SEA|Samsung Eletrônica da Amazônia
985601000990|DSG|Diretoria de Serviço Geográfico
468600000006|SOCIESC|Sociedade Educacional de Santa Catarina
173800000007|FUMEC|Universidade FUMEC
577000000000|POSITIVO|Universidade Positivo
985600186160|Ci&T|Ci&T Software
130300000004|UNIBO|Università di Bologna
431200000000|UERGS|Universidade Estadual do Rio Grande do Sul
013800000007|UnP|Universidade Potiguar
572000000000|UNIVILLE|Universidade da Região de Joinville
117700000004|UNIGRANRIO|Universidade do Grande Rio
163300000000|CNRS|Centre National de la Recherche Scientifique
159000000007|UCP|Universidade Católica de Petrópolis
091400000001|CESAR|Centro de Estudos e Sistemas Avançados do Recife
0OUA00000000|FAE|Centro Universitário Franciscano do Paraná
901900000002|HP|Hewllet Packard Co.
288900000003|ETHZ|Eidgenossische Technische Hochschule Zurich
246300000007|UA|Universidade de Aveiro
286200000004|FAEF|Faculdade de Agronomia e Engenharia Florestal
007901000997|UNICAMP|Instituto de Computação
070300000007|IRD|Institut de Recherche pour le Développement
IYGR00000002|ICSI|International Computer Science Institute
832500000009|UENF|Universidade Estadual do Norte Fluminense Darcy Ribeiro
637600000009|CEA/GRENOBLE|Commissariat à l'Energie Atomique - Grenoble
JSW500000001|IFRJ|Instituto Federal do Rio de Janeiro
985600112302|NII|National Institute of Informatics
558400000001|ENSMP|Ecole Nationale Supérieure des Mines de Paris
375700000004|UCB/RJ|Universidade Castelo Branco
J01T00000002|FREESCALE|Freescale Semicondutores Brasil
IZHD00000000|ERICSSON|Ericsson Telecomunicações - Matriz
IW9W00000003|IFBAIANO|Instituto Federal de Educação, Ciência e Tecnologia Baiano
482100000002|ESPM|Escola Superior de Propaganda e Marketing
835400000001|FUMSOFT|Sociedade Mineira de Software
237500000001|UVHC|Université de Valenciennes et du Hainaut-Cambrésis
013700000005|GOVERNO/CE|Governo do Estado do Ceará
288200000000|UCDB|Universidade Católica Dom Bosco
906900000003|MC*|Microsoft Corporation
J8RJ00000000|UAITI|UAI Tecnologia da Informação
558800000009|IFMT|Instituto Federal de Mato Grosso
570300000009|HP BRASIL|Hewlett-Packard Brasil - Matriz
IUWN00000003|PNU|Pusan National University
198400000005|QUB|Queen's University of Belfast
J1OA00000008|FDV|Faculdade de Viçosa
156300000008|UNI/Leipzig|Universität Leipzig
824500000008|UIB|Universitat de Les Illes Balears
153700000000|RIT|Rochester Institute of Technology
833700000000|UEMG|Universidade do Estado de Minas Gerais
985603981719|CERENA/IST|Instituto Superior Técnico de Lisboa
JDNO00000001|CLAVIS|Clavis Segurança da Informação
127900000005|NCL|Newcastle University
004000000992|FUKUDA|Fukuda Solutions
985600043211|UNICARIOCA|Centro Universitário Carioca
134000000001|UWO|The University of Western Ontario
163600000006|INPG|Institut National Polytechique de Grenoble
752200000001|UMESP|Universidade Metodista de São Paulo
J1AZ00000004|LSITEC NORDESTE|Associação do Laboratório de Sistem Integráveis Tecnológico Nordeste
002500000995|IBM BR-L|IBM Research Brazil
129600000006|MANCHESTER|University of Manchester
JP0L00000006|UCL|University College London
246100000003|U.PORTO|Universidade do Porto
247800000004|JAVERIANA|Pontificia Universidad Javeriana - Bogotá
538000000000|U.MACQUARIE|Macquarie University
JOLV00000007|GreenHat|Green Hat Segurança da Informação
IZJL00000003|PLANEJAMENTO|Ministério do Planejamento, Orçamento e Gestão
IXW400000007|Google|Google Inc.
JGYS00000009|KOKKU|Kokku Games
985600160226|SEBRAE/RS|Serviço de Apoio às Micro e Pequenas Empresas de Porto Alegre
J54900000003|TRANSPETRO|Petrobrás Transporte - Matriz
J0NF00000001|IAPCM|Institute of Applied Physics and Computational Mathematics
437300000000|P/CURITIBA|Prefeitura Municipal de Curitiba
JAAC00000001|DHEKA|Dheka
JCPM00000007|FAETEC|Fundação de Apoio à Escola Técnica do Estado do Rio de Janeiro
201900000008|UNISUAM|Centro Universitário Augusto Motta
227700000008|U.M.|University of Manitoba
005300000996|IPEA|Instituto de Pesquisa Econômica Aplicada
074900000000|IN FORMA|In Forma Software
003100000996|CP|Consultório Privado
IWTZ00000009|LIRMM-UMII|LIRMM-Université Montpellier II
015500000008|CETESB|Companhia de Tecnologia de Saneamento Ambiental
J3Y800000007|IF Goiano|IF Goiano Campus Urutaí
HS9K00000007|UTFPR|Universidade Tecnológica Federal do Paraná
352700000005|UND|University of Notre Dame
005200000994|CEUNIT|CEUNIT Ltda.
505800000008|UEMA|Universidade Estadual do Maranhão
199400000003|TU DELFT|Delft University of Technology
127400000006|OX|University of Oxford
001200000002|ON|Observatório Nacional
JFM800000005|IMAP|Instituto Municipal de Administração Pública
021000000003|DPF|Departamento de Polícia Federal
J1GS00000009|IFRO|Instituto Federal de Educação Ciência e Tecnologia de Rondônia
985600204606|UTexas|University of Texas at Austin
635900000008|IDESTI|Instituto de Capacitação, Pesq. e Desenv. Institucional em Gestão de TI
551900000003|ITE|Instituição Toledo de Ensino
985600156130|EAFU| Instituto Federal de Educação Ciência e Tecnologia do Triângulo Mineiro
002300000991|PV|PoliValente Tecnologia Educacional
077900000005|UTFSM|Universidad Técnica Federico Santa María
274300000002|CINCINNATI|University of Cincinnati
IW3C00000004|INSPER|Insper Instituto de Ensino e Pesquisa
IXTZ00000006|FCUP|Faculdade de Ciências da Universidade do Porto
288600000008|ABDN|University of Aberdeen
781800000006|UB|Universitat de Barcelona
328200000003|LiU|Linköping University
JOPU00000008|UCDAVIS|University of California Davis
985600391651|AGH|AGH University of Science and Technology
IYG000000000|LBL|Lawrence Berkeley National Laboratory
232700000004|LYON I|Université Claude Bernarde Lyon 1
322200000004|UNIBE|Universität Bern
IZA000000008|SUT|Swinburne University of Technology
176500000006|BNB|Banco do Nordeste do Brasil S/A
JA8S00000008|SICS|Swedish Institute of Computer Science
048800000000|CESI|Centro Eletrotecnico Sperimental Italiano Giacinto Motta
346500000007|U.ADELAIDE|University of Adelaide
309500000002|URI|Universidade Regional Integrada do Alto Uruguai e das Missões
985600042142|LSI-TEC|Associação do Laboratório de Sistemas Integráveis Tecnológico
J80L00000008|FATECE|Faculdade de Tecnologia Ciências e Educação
220000000008|UNIANDES|Universidad de los Andes Colombia
JH7X00000001|CUJAE|Instituto Superior Politecnico Jose Antonio Echevarria
B3XO00000000|UNIVIMA|UNIVERSIDADE VIRTUAL DO ESTADO DO MARANHÃO
555700000002|UTN|Universidad Tecnologica Nacional
337400000006|U.SYDNEY|University of Sydney
014500000000|GOVERNO/PB|Governo do Estado da Paraíba
221400000003|LJMU|Liverpool John Moores University
285100000004|CESJF|Centro de Ensino Superior de Juiz de Fora
777300000009|SENAC/SP|Centro Universitário Senac
ERLB00000007|UMA|Universidade da Madeira
869800000003|TECPAR|Instituto de Tecnologia do Paraná
IW1X00000000|IEAv|Instituto de Estudos Avançados
118400000007|FUNCEME|Fundação Cearense de Meteorologia e Recursos Hídricos
028200000004|MS|Ministério da Saúde
128100000009|NOTTINGHAM|University of Nottingham
084000000001|MEX|Ministério do Exército
397300000008|UNILORIN|University of Ilorin
888900000001|UVSQY*|Universite de Versailles Saint-Quentin-en-Yvelines
985600390469|UCL|University College London
482600000001|FACENS|Faculdade de Engenharia de Sorocaba
103400000009|U.I.|University of Illinois
IYIQ00000007|UNIFAE|Centro Universitário das Faculdades Associadas de Ensino
144800000003|USC|University of Southern California
985602000994||Colégio Estadual Presidente Castelo Branco
226900000003|C.U.|Carleton University
IV6600000009|GNARUS|Instituto Gnarus
347600000007|J.G.U.|Universitat Mainz (Johannes-Gutenberg)
IZZT00000005|FALS|Faculdade Leão Sampaio
189500000008|FBDC|Fundação Bahiana para Desenvolvimento das Ciências
200200000007|IGC|Instituto Gulbenkian de Ciência
F5FX00000005|PRODERJ|Centro de Tecnologia de Informação e Comunic. do Estado do Rio de Janeiro
534700000000|FACES|Faculdades Cathedral de Ensino Superior
J31J00000004|ABÚTUA|Abútua Tecnologia
586600000000|UVA/RJ|Universidade Veiga de Almeida
761300000002|CESGRANRIO|Fundação Cesgranrio
JLBP00000002|IChF PAN|Instytut Chemii Fizycznej Polskiej Akademii Nauk
JEHH00000007|SENAI|Serviço Nacional de Aprendizagem Industrial
117200000005|UnC|Universidade do Contestado
J2J100000008|FIT|Flextronics Instituto de Tecnologia
J93M00000001|ITV|Instituto Tecnológico Vale
JEBF00000004|TRF/1ª Região|Tribunal Regional Federal da 1ª Região
003300000990|ISI-TICS|Instituto SENAI de Inovação para Tecnologias da Informação e Comunicação
033201000993||Instituto de Computação
012000000004|ELETROBRAS|Centrais Elétricas Brasileiras
000800000005|CVRD|Companhia Vale do Rio Doce
273900000005|UT|University of Toledo
432700000007|FACCAT|Faculdades Integradas de Taquara
055100000000|ANEEL|Agência Nacional de Energia Elétrica
J9YF00000005|UdeA|Universidad de Antioquia
HBDU00000007|AMRJ|Arsenal de Marinha do Rio de Janeiro
131500000006||Instituto Politecnico Nacional
443100000001|PR|Presidência da República
063400000006|GOVERNO/BA|Governo do Estado da Bahia
889600000004|SOFTEX/RECIFE|Centro de Tecnologia de Software para Exportação do Recife
518600000006|PM/SP|Polícia Militar do Estado de São Paulo
005200000005|MAST|Museu de Astronomia e Ciências Afins
869700000001|FINEP|Financiadora de Estudos e Projetos
IVKO00000006|UNIBRATEC|União dos Institutos Brasileiros de Tecnologia
016300000002|UNISO|Universidade de Sorocaba
450600000003|IS|Instituto Stela
985601448282|UNITO|University of Turin
IXH000000000|IBMEC|Grupo IBMEC
002900000003|MPEG|Museu Paraense Emílio Goeldi
229200000005|U.O.|University of Ottawa
IX2400000007|IMED|Faculdade Meridional
715500000002|M.C|Moravian College
227900000001|Wits University|University of the Witwatersrand
IXOS00000000|FCV|Faculdade Cidade Verde
J9VG00000002|FH/Münster|Fachhochschule Münster
487300000007|FACVEST|Centro Universitário FACVEST
425400000009|FTC|Faculdade de Tecnologia e Ciências de Salvador
225600000000|TOKYO TECH|Tokyo Institute of Technology - Ookayama Campus
128200000000|BIRMINGHAM|University of Birmingham
010500000996|TCU|Tribunal de Contas da União
985600188120|UNIFIL|Centro Universitário Filadélfia
JAXU00000002|IBRATEC|Faculdade de Tecnologia IBRATEC
024500000007|GOVERNO/SP|Governo do Estado de São Paulo
JGNL00000008|UT Austin|The University of Texas at Austin
J1X400000007|ERASMUS|Erasmus University Rotterdam
410700000006|UNIVIE|Universität Wien
006500000998|EMATER-GO|Agência Goiana de Assistência Técnica, Extensão e Pesquisa Agropecuária
JTTU00000007|CEMADEN|Centro Nacional de Monitoramento e Alertas de Desastres Naturais
023100000001|IAPAR|Instituto Agronômico do Paraná
015100000000|CPRM/DF|Companhia de Pesquisa de Recursos Minerais
952200000004|HSPH|Harvard School of Public Health
IXSB00000000|ATENATEC|Atenatec Soluções Tecnológicas
985600073560|FATEC-SP|Faculdade de Tecnologia de São Paulo, CEETEPS
I3CN00000005|MPOG|Ministério do Planejamento, Orçamento e Gestão
399700000001|TOLEDO PRUDENTE|Centro Universitário Antônio Eufrásio de Toledo de Presidente Prudente
589100000006|FASETE|Faculdade Sete de Setembro
024300000003|FURNAS|Furnas - Centrais Elétricas S/A
930846000007|UPF|Universitat Pompeu Fabra
IXOT00000002|FAPEG/GO|Fundação de Amparo a Pesquisa do Estado de Goiás
985601345670|UNAM|UNAM- Universidad Nacional Autónoma de México.
090800000000|UH*|Universite de Havre
477500000003|IJURIS|Instituto de Governo Eletrônico, Inteligências e Sistemas
IVKH00000001|OBRAP|Organização Brasileira de Recuperação Ambiental Assistência e Pesquisa
JE7B00000006|VUmc|University Medical Center Utrecht
006100000001|FGV-SP|Fundação Getulio Vargas - SP
145000000007|MIT|Massachusetts Institute of Technology
152500000009|U.T.S.|University of Texas System
JE7I00000009|TACOMA|University of Washington Tacoma
120600000002|UNIPAR|Universidade Paranaense
167800000002|CUFSA|Centro Universitário Fundação Santo André
985600187930|ANATEL|Agência Nacional de Telecomunicações
730500000006|WISC|University of Wisconsin - Madison
J10R00000008|SEAPI|Secretaria da Agricultura, Pecuária e Irrigação/RS
810400000006|UNIT|Universidade Tiradentes
311200000009|UEN*|Universitat Erlangen-Nurnberg (Friedrich-Alexander)
143300000006|PENNSYLVANIA|Pennsylvania State University
985600186179|SOFTIUM|Softium Informática
IVMG00000006|MGS|Manifesto Game Studio
489200000001|UNIMAR|Universidade de Marília
456700000004|UniRITTER|Centro Universitário Ritter dos Reis
985600153742|USI|University of Lugano
282200000001|EEP-FUMEP|Escola de Engenharia de Piracicaba
J4D600000002|UNILAB|Universidade da Integração Internacional da Lusofonia Afro-Brasileira
127000000009|CANTERBURY|University of Kent at Canterbury
099800000004|UNAM|Universidad Nacional Autónoma de Mexico
008400000003|INPA|Instituto Nacional de Pesquisas da Amazônia
007400000994|FAERO AEROTD|FAERO AeroTD
093700000003|SDU|University of Southern Denmark
151800000006|DUKE|Duke University
107800000009|UTAH|University of Utah
IWUM00000000|FB UNI|CENTRO UNIVERSITÁRIO FARIAS BRITO
838400000006|BPCF|Universite Blaise Pascal Clermont Ferrand
JFLK00000002|i2CAT|Fundació i2CAT
155800000009|FAAP|Fundação Armando Álvares Penteado
IYNL00000007|DNIT|Departamento Nacional de Infraestrutura de Transportes
J21B00000002|Mundo|Mundo Afora consultoria, cursos e comunicação Ltda
364100000008|PMF|Prefeitura Municipal de Fortaleza
374700000006|UTAS|University of Tasmania
JES800000007|HAAGA-HELIA|Haaga-Helia University of Applied Sciences
785800000009|UNAERP|Universidade de Ribeirão Preto
IYTH00000007|EETIPF|Escola Estadual Técnico Industrial Professor Fontes
123900000002|SPB|Sociedade Portuguesa da Beneficencia
196500000000|UNS|Universidad Nacional del Sur
134900000008|UNC|Universidad Nacional de Cordoba
088200000008|BRASKEM/BA|Braskem - Camaçari - Eteno
985600208989|SIEMENS|Siemens Ltda
108800000007|UC System|University of California System
869000000009|FUNDAJ|Fundação Joaquim Nabuco
415200000008|ELDORADO|Instituto de Pesquisas Eldorado - Brasília
133800000008|UBC|University of British Columbia
128300000002|U.WALES|University of Wales
411900000008|RUNIV*|Rutgers University
627100000002|UNOESC|Universidade do Oeste de Santa Catarina
J4KN00000002|UEZO|Centro Universitário da Zona Oeste
579700000000|IAMSPE|Instituto de Assistência Médica ao Servidor Público Estadual
JIEJ00000005|HIDRAINFO|Hidrainfo Consultoria e Serviços
J9E400000003|UNICA|Università degli Studi di Cagliari
126700000003|UR|University of Reading
JF6E00000000|INESC P&D BRASIL|INESC P&D Brasil - Instituto de Engenharia de Sistemas
JCTA00000006|ISAE|Institut Supérieur de l'Aéronautique et de l'Espace
140700000009|PUCP|PONTIFICIA UNIVERSIDAD CATÓLICA DEL PERÚ
002800000990|SENAC_SP|Centro Universitário Senac
219100000006|UNAL|UNIVERSIDAD NACIONAL DE COLOMBIA
J32500000005|PARIS OUEST|Université Paris-Ouest Nanterre la Défense
J18700000003|MB|Marinha do Brasil
J25800000008|Heudiasyc|Heuristique et Diagnostic des Systèmes Complexes
J11F00000002|FASAP|Faculdade Santo Antônio de Pádua
142000000002|ENCE|Escola Nacional de Ciências Estatísticas
212700000000|U.OSLO|University Of Oslo
157800000005|U.MELBOURNE|The University of Melbourne
449300000004|UNIPAC|Universidade Presidente Antônio Carlos
890300000002|AEB|Agência Espacial Brasileira
139000000002|KIT|Karlsruher Institut für Technologie
046700000001|CEF/DF|Caixa Econômica Federal
595100000000|IAEASEB|Instituição Adventista de Educ. e Assist. Social Este Brasileira
574900000002|USACH|Universidad de Santiago de Chile
JA2300000000|CEMADEN|Centro Nacional de Monitoramento e Alertas de Desastres Naturais
G8FL00000000|UP|Universidade Pedagógica - Moçambique
985600141027|UFCG|Universidade Federal de Campina Grande
000200000004|UFTM|Universidade Federal do Triângulo Mineiro
147400000000|UK|University of Kentucky
862500000000|UC3M|Universidad Carlos III de Madrid
158400000006|UTL|Universidade Técnica de Lisboa
IW6U00000005|ZHAW|Zurich University of Applied Sciences
390600000006|IF-Sertão PE|Instituto Federal do Sertão Pernambucano
243000000007|ASTON|Aston University
161500000008|UL (Nancy-Univ)|Université de Lorraine
985601132692|UTP|Universidad Tecnológica de Pereira
015300000004|CSN|Companhia Siderúrgica Nacional
198800000002|KYOTO|Kyoto University
JDIM00000009|TRF/4ª Região|Tribunal Regional Federal da 4ª Região
252600000007|WUSTL|Washington University in Saint Louis
377200000001|CEULP|Centro Universitário Luterano de Palmas
IVLC00000000|GZEROTEC|G-Zero Tecnologia
754400000001|CU|Charles University in Prague
985601345858|di|teste di ddd
473900000008|UNIJORGE|Centro Universitário Jorge Amado
060100000006|UCAM|Universidade Candido Mendes
078100000009|STANFORD|Stanford University
F3PO00000002|GAPSO|GAPSO Serviços de Informática
JRQO00000005|IPDEC/AM|Instituto de Inovação, Pesquisa, Desenvolv. Científico e Tecnológico - AM
891200000009|UNISA|Universidade de Santo Amaro
225300000004|ITESM|Instituto Tecnologico Y de Estudios Superiores de Monterrey
812100000007|NEWCASTLE|The University of Newcastle Australia
IZG300000002|Texas A & M|Texas Agricultural & Mechanics University
985600150468|IRSTEA|Institut national de recherche en sciences et technologies pour l'environne
JNJP00000002|UTAD|Universidade de Trás-os-Montes- Alta Douro
192900000005|UEP|Universidade do Estado do Pará
IZ1G00000007|FEMAR|Fundação de Estudos do Mar
